{"cameraMode":{"drawMode":0,"name":"Shaded","section":"Shading Mode"},"sceneLighting":true,"audioPlay":false,"sceneViewState":{"m_AlwaysRefresh":false,"showFog":true,"showSkybox":false,"showFlares":true,"showImageEffects":true,"showParticleSystems":true,"showVisualEffectGraphs":true,"m_FxEnabled":true},"in2DMode":false,"pivot":{"x":2.3088157176971437,"y":-0.44800567626953127,"z":0.5111408233642578},"rotation":{"x":0.12977668642997743,"y":0.8292083144187927,"z":-0.21562126278877259,"w":0.499078631401062},"size":14.161247253417969,"orthographic":false}