{"cameraMode":{"drawMode":0,"name":"Shaded","section":"Shading Mode"},"sceneLighting":false,"audioPlay":false,"sceneViewState":{"m_AlwaysRefresh":false,"showFog":true,"showSkybox":false,"showFlares":true,"showImageEffects":true,"showParticleSystems":true,"showVisualEffectGraphs":true,"m_FxEnabled":true},"in2DMode":false,"pivot":{"x":184.49000549316407,"y":0.38720375299453738,"z":231.02999877929688},"rotation":{"x":-0.026402393355965616,"y":-0.9566950798034668,"z":0.27499592304229739,"w":-0.09183862805366516},"size":0.410944402217865,"orthographic":false}